id,first_name,last_name,email,gender,ip_address
1,Cassey,Lye,clye0@github.io,Male,209.167.48.140
2,Whitney,Pitcher,wpitcher1@canalblog.com,Genderqueer,59.117.158.184
3,Chloette,Wadwell,cwadwell2@patch.com,Bigender,225.166.64.33
4,Isak,Boichat,iboichat3@facebook.com,Genderfluid,91.16.28.48
5,Stepha,Beckitt,sbeckitt4@altervista.org,Agender,51.103.208.65
6,Lorne,Rodda,lrodda5@netscape.com,Agender,114.177.4.7
7,Marlon,Allan,mallan6@sohu.com,Bigender,26.215.74.205
8,Brynna,Blamey,bblamey7@wired.com,Bigender,140.165.220.106
9,Calida,Kingzett,ckingzett8@goodreads.com,Polygender,50.99.164.152
10,Cirilo,Wollard,cwollard9@wikimedia.org,Male,235.24.128.245
11,Fey,Nerne,fnernea@miibeian.gov.cn,Bigender,120.227.33.237
12,Reina,Braybrookes,rbraybrookesb@who.int,Genderqueer,80.4.128.151
13,Lynna,Abramowitch,labramowitchc@examiner.com,Agender,15.7.65.10
14,Lothario,O' Markey,lomarkeyd@lycos.com,Agender,77.9.168.100
15,Liz,Hanselmann,lhanselmanne@csmonitor.com,Genderqueer,217.159.198.69
16,Corliss,Dallison,cdallisonf@tmall.com,Genderfluid,95.235.241.127
17,Caralie,Fields,cfieldsg@arstechnica.com,Genderfluid,139.89.120.83
18,Chaddy,Syme,csymeh@census.gov,Male,174.190.67.33
19,Daveen,Gravener,dgraveneri@vistaprint.com,Non-binary,221.6.222.210
20,Florri,Brugden,fbrugdenj@upenn.edu,Male,193.49.12.189
21,Torie,Whild,twhildk@yelp.com,Bigender,204.36.162.6
22,Valery,Navarro,vnavarrol@cafepress.com,Genderqueer,235.137.166.81
23,Giacinta,Sylett,gsylettm@w3.org,Male,93.27.197.87
24,Prentiss,Egarr,pegarrn@youtu.be,Male,21.73.242.44
25,Cecily,Accombe,caccombeo@state.tx.us,Genderfluid,67.53.149.209
26,Monroe,Coudray,mcoudrayp@cocolog-nifty.com,Non-binary,129.192.135.108
27,Steffane,Dike,sdikeq@163.com,Bigender,157.140.60.3
28,Krissy,Spurrier,kspurrierr@simplemachines.org,Female,134.146.89.55
29,Rickie,Tanman,rtanmans@godaddy.com,Non-binary,75.185.245.168
30,Flori,Colquite,fcolquitet@de.vu,Agender,183.148.12.206
31,Leonerd,Chalcroft,lchalcroftu@alexa.com,Polygender,227.71.64.115
32,Delcina,Keggin,dkegginv@macromedia.com,Genderqueer,86.8.4.225
33,Janine,Cundict,jcundictw@godaddy.com,Genderfluid,176.74.120.116
34,Sydel,Goldin,sgoldinx@shutterfly.com,Female,146.73.61.248
35,Belva,Meysham,bmeyshamy@psu.edu,Female,27.204.153.18
36,Ursola,Vanyushkin,uvanyushkinz@youku.com,Male,125.137.69.117
37,Valentijn,Hunnybun,vhunnybun10@skype.com,Male,45.61.207.58
38,Lorelei,Weedenburg,lweedenburg11@thetimes.co.uk,Genderfluid,57.217.230.115
39,Aubry,Dener,adener12@twitter.com,Polygender,75.60.36.69
40,Marius,Tabard,mtabard13@opera.com,Polygender,147.93.158.31
41,Mada,Cockram,mcockram14@cnet.com,Bigender,231.208.121.254
42,Dick,Bradtke,dbradtke15@netvibes.com,Agender,239.32.104.58
43,Austin,Tasseler,atasseler16@uiuc.edu,Agender,8.191.74.105
44,Julio,Sabater,jsabater17@furl.net,Polygender,40.188.100.155
45,Colin,Riordan,criordan18@netscape.com,Bigender,79.116.32.186
46,Shandee,Burry,sburry19@wiley.com,Genderfluid,17.0.94.120
47,Vittorio,Caplis,vcaplis1a@ustream.tv,Non-binary,172.9.210.28
48,Onfroi,Kelemen,okelemen1b@sourceforge.net,Genderqueer,233.0.84.57
49,Andy,Cawthery,acawthery1c@gnu.org,Male,96.120.32.104
50,Lucais,Aizikov,laizikov1d@gnu.org,Male,229.61.2.25
51,Tiffi,Duckhouse,tduckhouse1e@about.com,Genderfluid,152.48.15.150
52,Christal,Seatter,cseatter1f@geocities.jp,Polygender,77.160.203.229
53,Ferrell,Knapp,fknapp1g@si.edu,Bigender,177.42.49.224
54,Stavro,Lerohan,slerohan1h@businessinsider.com,Bigender,245.46.152.106
55,Ara,Jankowski,ajankowski1i@hc360.com,Genderqueer,56.162.8.154
56,Annissa,Ilive,ailive1j@mediafire.com,Polygender,144.67.40.163
57,Gradey,Wallbanks,gwallbanks1k@yellowpages.com,Male,133.169.97.20
58,Maura,Vosse,mvosse1l@sogou.com,Genderqueer,159.198.219.131
59,Marty,MacCallum,mmaccallum1m@cam.ac.uk,Bigender,44.215.212.130
60,Carleton,Kohrsen,ckohrsen1n@gmpg.org,Male,23.73.238.230
61,Warde,Onraet,wonraet1o@army.mil,Female,67.74.129.169
62,Olvan,Lakeman,olakeman1p@tinypic.com,Female,233.194.203.193
63,Amara,Dunkerk,adunkerk1q@amazonaws.com,Polygender,187.17.123.197
64,Koenraad,Vasovic,kvasovic1r@ft.com,Bigender,70.181.253.18
65,Germaine,Holborn,gholborn1s@timesonline.co.uk,Female,182.197.21.203
66,Emlen,Grgic,egrgic1t@exblog.jp,Male,186.155.214.143
67,Waly,Stoppard,wstoppard1u@noaa.gov,Agender,19.237.39.48
68,Vasili,Nunn,vnunn1v@amazon.co.uk,Agender,84.252.85.21
69,Horatius,Crecy,hcrecy1w@pbs.org,Polygender,56.240.69.250
70,Temp,Hazeley,thazeley1x@spotify.com,Genderfluid,106.24.230.76
71,Carla,Lathee,clathee1y@sina.com.cn,Agender,55.174.160.235
72,Evangelia,Aykroyd,eaykroyd1z@ft.com,Male,99.231.172.8
73,Charmaine,Fergusson,cfergusson20@hibu.com,Polygender,57.170.149.181
74,Erick,Jedrzejewsky,ejedrzejewsky21@last.fm,Bigender,167.207.141.245
75,Wyn,Kitchin,wkitchin22@cnn.com,Male,35.126.143.183
76,Milzie,Entissle,mentissle23@ca.gov,Genderqueer,7.34.192.229
77,Hymie,Moyes,hmoyes24@clickbank.net,Bigender,72.70.230.159
78,Alyse,Minchindon,aminchindon25@e-recht24.de,Agender,95.38.251.247
79,Malorie,Chable,mchable26@sakura.ne.jp,Agender,208.245.145.220
80,Feliks,De Wolfe,fdewolfe27@usatoday.com,Agender,62.207.220.10
81,Ulla,Dryburgh,udryburgh28@webnode.com,Non-binary,142.214.229.18
82,Dale,Vosper,dvosper29@npr.org,Female,64.27.37.55
83,Laverna,Crunden,lcrunden2a@google.com.au,Genderqueer,34.215.50.232
84,Brandice,Piggford,bpiggford2b@weebly.com,Female,105.12.172.4
85,Vevay,Jambrozek,vjambrozek2c@fda.gov,Polygender,152.136.149.64
86,Neddie,Chatband,nchatband2d@google.com.hk,Non-binary,106.240.150.146
87,Woodrow,Benedikt,wbenedikt2e@miitbeian.gov.cn,Female,250.143.236.14
88,Iain,Gringley,igringley2f@gov.uk,Polygender,132.117.48.237
89,Selby,Newbury,snewbury2g@skyrock.com,Female,27.143.237.247
90,Linda,Stedmond,lstedmond2h@bravesites.com,Polygender,57.124.14.136
91,Piggy,Syfax,psyfax2i@redcross.org,Genderqueer,122.6.39.91
92,Anallese,Jowitt,ajowitt2j@pcworld.com,Female,173.54.232.112
93,Garwood,Scutter,gscutter2k@npr.org,Agender,85.187.101.177
94,Jo,Enbury,jenbury2l@free.fr,Non-binary,190.136.52.211
95,Zackariah,Coolahan,zcoolahan2m@altervista.org,Agender,61.143.25.14
96,Dorothy,Bruineman,dbruineman2n@wsj.com,Male,74.119.24.228
97,Chanda,Millican,cmillican2o@e-recht24.de,Genderfluid,65.172.35.178
98,Hildagarde,Hold,hhold2p@upenn.edu,Agender,163.16.223.174
99,Gerhardt,Jex,gjex2q@umn.edu,Female,37.147.93.81
100,Vittorio,O'Nion,vonion2r@weebly.com,Male,219.9.125.251
101,Stormy,Mohammad,smohammad2s@wp.com,Bigender,20.236.86.14
102,Barnie,Houldcroft,bhouldcroft2t@joomla.org,Female,87.23.123.97
103,Hetty,Maynell,hmaynell2u@webeden.co.uk,Agender,145.73.96.137
104,Vinny,Desvignes,vdesvignes2v@phpbb.com,Polygender,48.184.195.222
105,Danice,Howlett,dhowlett2w@drupal.org,Male,34.242.173.72
106,Viole,Jennaroy,vjennaroy2x@ow.ly,Agender,215.91.158.44
107,Hartwell,Catterall,hcatterall2y@constantcontact.com,Male,227.224.22.122
108,Shirl,Beautyman,sbeautyman2z@domainmarket.com,Genderqueer,87.85.75.10
109,Willie,Blackhurst,wblackhurst30@freewebs.com,Agender,122.126.76.41
110,Kalvin,Calliss,kcalliss31@livejournal.com,Male,144.155.31.57
111,Kyla,Gazzard,kgazzard32@comcast.net,Bigender,63.67.52.105
112,Tedra,Shopcott,tshopcott33@tinyurl.com,Genderqueer,123.76.121.228
113,Hastie,Croy,hcroy34@ebay.co.uk,Genderfluid,102.26.154.136
114,Melesa,Maeer,mmaeer35@wordpress.org,Genderfluid,238.181.172.99
115,Zaria,Millam,zmillam36@mtv.com,Polygender,56.186.109.216
116,Leontine,Baynes,lbaynes37@aol.com,Bigender,28.134.89.191
117,Ertha,Goulbourn,egoulbourn38@topsy.com,Polygender,177.162.255.35
118,Vaughn,Delicate,vdelicate39@cargocollective.com,Polygender,20.96.84.211
119,Antonella,Thomson,athomson3a@ftc.gov,Female,66.60.10.152
120,Ronalda,Rizzetti,rrizzetti3b@unesco.org,Genderfluid,64.125.134.186
121,Whittaker,Quest,wquest3c@washingtonpost.com,Non-binary,177.210.118.79
122,Bili,Kwiek,bkwiek3d@dion.ne.jp,Agender,118.47.82.233
123,Craig,Hayhurst,chayhurst3e@instagram.com,Female,1.240.168.20
124,Marjie,Mellon,mmellon3f@linkedin.com,Non-binary,76.12.46.169
125,Peri,O'Curran,pocurran3g@deliciousdays.com,Genderfluid,33.188.179.125
126,Grenville,Marran,gmarran3h@ebay.com,Male,215.22.16.249
127,Inga,Guidone,iguidone3i@irs.gov,Polygender,235.162.168.228
128,Steffen,Mattussevich,smattussevich3j@t.co,Bigender,177.30.128.35
129,Eden,Benbrick,ebenbrick3k@friendfeed.com,Agender,48.94.240.204
130,Hilde,Caulcutt,hcaulcutt3l@google.co.uk,Genderfluid,127.69.208.110
131,Cyrus,Rabbitt,crabbitt3m@dailymail.co.uk,Bigender,52.131.123.109
132,Palm,Garvie,pgarvie3n@about.me,Male,162.153.35.130
133,Udale,Norsister,unorsister3o@amazon.com,Genderqueer,168.24.76.23
134,Georgie,Langton,glangton3p@blinklist.com,Agender,54.7.69.172
135,Talyah,Rump,trump3q@oaic.gov.au,Agender,158.55.120.166
136,Rik,Blewis,rblewis3r@bbb.org,Non-binary,243.182.70.206
137,Findley,Bengochea,fbengochea3s@yolasite.com,Bigender,177.76.128.50
138,Wynn,Crowche,wcrowche3t@uiuc.edu,Polygender,131.85.173.204
139,Anallise,Gagie,agagie3u@bloglines.com,Female,103.174.114.49
140,Imojean,Priditt,ipriditt3v@va.gov,Male,28.66.230.15
141,Scotti,Mortel,smortel3w@bing.com,Bigender,136.96.32.58
142,Kamila,Abad,kabad3x@google.co.jp,Agender,136.34.174.104
143,Garrick,Lamey,glamey3y@addthis.com,Genderfluid,107.87.143.252
144,Cam,Kliemann,ckliemann3z@google.cn,Genderqueer,36.45.198.149
145,Reinhard,Blannin,rblannin40@usnews.com,Male,39.156.53.169
146,Kacie,Kleeborn,kkleeborn41@tuttocitta.it,Non-binary,111.124.191.253
147,Flint,Wrighton,fwrighton42@house.gov,Male,57.203.186.21
148,Tom,O'Duane,toduane43@arstechnica.com,Bigender,243.123.105.91
149,Misty,Purdon,mpurdon44@washingtonpost.com,Polygender,168.83.41.58
150,Elsey,Cominello,ecominello45@alibaba.com,Genderqueer,119.152.230.182
151,Kassi,Waterfall,kwaterfall46@newsvine.com,Agender,218.155.186.207
152,Una,Whiskin,uwhiskin47@theglobeandmail.com,Non-binary,47.186.211.185
153,Marcellus,Caller,mcaller48@blogger.com,Female,43.208.179.227
154,Emmie,McInulty,emcinulty49@indiatimes.com,Genderfluid,195.11.41.81
155,Barnaby,Hinstock,bhinstock4a@artisteer.com,Non-binary,158.165.188.42
156,Hyacinthia,Mardling,hmardling4b@hugedomains.com,Female,142.29.167.19
157,Eachelle,Camamile,ecamamile4c@yandex.ru,Agender,237.94.10.198
158,Frayda,Adame,fadame4d@wordpress.com,Bigender,162.177.131.69
159,Roselin,Vallens,rvallens4e@pinterest.com,Agender,137.133.223.169
160,Jeanne,McRavey,jmcravey4f@nytimes.com,Genderqueer,48.174.199.136
161,Jan,Lednor,jlednor4g@tamu.edu,Genderfluid,63.224.202.3
162,Luther,Prosser,lprosser4h@google.com.hk,Male,15.46.77.255
163,Nolan,Dachs,ndachs4i@issuu.com,Genderqueer,194.209.184.1
164,Harwilll,ffrench Beytagh,hffrenchbeytagh4j@vkontakte.ru,Bigender,26.155.104.90
165,Ber,Erskine Sandys,berskinesandys4k@dailymotion.com,Agender,168.190.133.128
166,Miguelita,Buckthorp,mbuckthorp4l@psu.edu,Polygender,145.222.16.170
167,Jodie,Tuttle,jtuttle4m@networksolutions.com,Non-binary,89.38.106.148
168,Derril,Artois,dartois4n@netvibes.com,Female,87.237.241.231
169,Maxi,Meegin,mmeegin4o@delicious.com,Male,148.59.78.46
170,Zonda,Bradbeer,zbradbeer4p@linkedin.com,Bigender,200.210.86.225
171,Ingemar,Cuming,icuming4q@patch.com,Male,230.177.147.20
172,Laure,Balden,lbalden4r@topsy.com,Non-binary,26.198.11.245
173,Homere,Jakes,hjakes4s@google.de,Genderfluid,215.116.191.210
174,Jyoti,Giblin,jgiblin4t@meetup.com,Genderqueer,61.94.132.60
175,Nichole,Hennington,nhennington4u@reuters.com,Female,86.145.78.129
176,Gaspard,Epelett,gepelett4v@jalbum.net,Non-binary,137.1.142.138
177,Guthry,David,gdavid4w@elpais.com,Genderqueer,241.148.159.248
178,Barbabra,Sercombe,bsercombe4x@guardian.co.uk,Non-binary,138.209.101.40
179,Kacey,Pahlsson,kpahlsson4y@sitemeter.com,Genderfluid,43.157.219.196
180,Margaux,Pear,mpear4z@last.fm,Male,58.74.185.153
181,Dionis,Eatherton,deatherton50@guardian.co.uk,Male,103.192.32.173
182,Rhianon,Alty,ralty51@bbb.org,Genderfluid,110.236.107.106
183,Ferguson,Jellyman,fjellyman52@163.com,Male,160.108.241.75
184,Becky,Waterman,bwaterman53@wunderground.com,Female,26.145.253.127
185,Devora,Yakuntsov,dyakuntsov54@foxnews.com,Female,153.254.197.39
186,Kimball,Vize,kvize55@washington.edu,Agender,158.102.60.109
187,Josephine,Bavester,jbavester56@paginegialle.it,Non-binary,217.19.179.242
188,Layla,Crombie,lcrombie57@imageshack.us,Agender,70.200.100.78
189,Rriocard,Tremblett,rtremblett58@reference.com,Non-binary,30.205.45.139
190,Cherianne,Duinbleton,cduinbleton59@t-online.de,Male,73.91.225.1
191,Tresa,Safont,tsafont5a@google.com.br,Agender,42.64.114.43
192,Sarah,Devonport,sdevonport5b@fc2.com,Genderqueer,52.197.139.89
193,Gordie,Babon,gbabon5c@flickr.com,Agender,98.138.95.78
194,Ansley,Sperling,asperling5d@mozilla.com,Male,84.201.230.56
195,Ingelbert,Wenman,iwenman5e@sfgate.com,Genderqueer,139.1.12.73
196,Rachael,Shakesbye,rshakesbye5f@twitter.com,Bigender,4.188.14.124
197,Sheelagh,Woods,swoods5g@harvard.edu,Female,50.146.230.221
198,Winifred,Cowdroy,wcowdroy5h@meetup.com,Genderqueer,4.192.65.203
199,Morty,Farloe,mfarloe5i@cam.ac.uk,Male,162.149.201.175
200,Merwin,Girdler,mgirdler5j@opera.com,Agender,224.203.91.36
201,Juline,O'Sesnane,josesnane5k@google.it,Female,136.182.145.2
202,Mozes,Yuill,myuill5l@mtv.com,Polygender,122.239.134.226
203,Ileane,Jedrych,ijedrych5m@mail.ru,Female,55.11.104.31
204,Dix,Massot,dmassot5n@tmall.com,Non-binary,158.181.0.73
205,Morley,Laetham,mlaetham5o@pagesperso-orange.fr,Agender,209.40.46.79
206,Joyann,Klossek,jklossek5p@state.gov,Male,156.215.95.160
207,Rory,Marie,rmarie5q@sciencedirect.com,Genderqueer,74.58.38.171
208,Luce,Francke,lfrancke5r@va.gov,Bigender,83.61.185.236
209,Lilias,Paunsford,lpaunsford5s@mac.com,Non-binary,212.10.184.221
210,Maude,Breewood,mbreewood5t@hatena.ne.jp,Polygender,233.253.129.229
211,Wynny,Loving,wloving5u@woothemes.com,Bigender,241.2.66.247
212,Tripp,Hyde,thyde5v@jiathis.com,Bigender,65.95.90.109
213,Konrad,Viveash,kviveash5w@pcworld.com,Bigender,22.233.163.75
214,Harmony,Dawid,hdawid5x@so-net.ne.jp,Non-binary,153.110.252.121
215,Linell,Fairman,lfairman5y@dailymail.co.uk,Male,247.82.143.172
216,Sophronia,Marwick,smarwick5z@360.cn,Polygender,141.6.120.242
217,Siouxie,Pebworth,spebworth60@slideshare.net,Bigender,63.11.8.65
218,Demetria,Covolini,dcovolini61@friendfeed.com,Genderfluid,170.97.222.84
219,Hinda,Bartolomieu,hbartolomieu62@theglobeandmail.com,Male,237.221.31.142
220,Erick,Giovannini,egiovannini63@paypal.com,Polygender,209.66.57.92
221,Valeria,Craddock,vcraddock64@google.com.au,Female,109.183.113.212
222,Wallace,Errowe,werrowe65@nbcnews.com,Polygender,121.152.226.62
223,Ardra,Wardington,awardington66@wix.com,Genderfluid,214.44.64.232
224,Darrel,Pressnell,dpressnell67@google.it,Agender,191.179.188.120
225,Doti,Barlace,dbarlace68@cmu.edu,Male,255.229.191.7
226,Lavena,Gowling,lgowling69@blogtalkradio.com,Female,96.106.69.207
227,Gay,Toulamain,gtoulamain6a@timesonline.co.uk,Agender,56.49.236.107
228,Yurik,Beckitt,ybeckitt6b@google.com,Female,40.137.222.17
229,Bone,Varne,bvarne6c@tuttocitta.it,Bigender,197.159.138.26
230,Andriana,Pickrell,apickrell6d@fema.gov,Male,137.5.205.103
231,Dari,Abrahmson,dabrahmson6e@indiegogo.com,Male,229.212.46.71
232,Madlin,Wolland,mwolland6f@merriam-webster.com,Genderfluid,26.215.107.22
233,Tanny,Goldup,tgoldup6g@surveymonkey.com,Polygender,182.108.12.9
234,Loise,McKeney,lmckeney6h@paypal.com,Agender,178.109.234.69
235,Clifford,Diament,cdiament6i@cloudflare.com,Polygender,206.186.194.64
236,Llewellyn,Mundall,lmundall6j@tmall.com,Non-binary,86.46.78.194
237,Ricki,Pexton,rpexton6k@cisco.com,Polygender,54.170.20.5
238,Farlee,Edens,fedens6l@omniture.com,Male,155.242.227.224
239,Worden,Strutton,wstrutton6m@biblegateway.com,Genderfluid,20.44.122.53
240,Lynne,Lockhead,llockhead6n@imgur.com,Agender,65.73.163.67
241,Teddie,Reuben,treuben6o@amazon.co.jp,Agender,71.211.134.237
242,Dela,Scemp,dscemp6p@wikispaces.com,Genderqueer,57.233.165.176
243,Lurlene,Stembridge,lstembridge6q@noaa.gov,Female,0.12.105.58
244,Dot,Oultram,doultram6r@tuttocitta.it,Bigender,81.162.141.253
245,Vinni,Colchett,vcolchett6s@wordpress.org,Polygender,67.115.242.19
246,Edeline,Winchcum,ewinchcum6t@cnbc.com,Male,248.211.89.136
247,Peggie,Farrand,pfarrand6u@tripadvisor.com,Male,84.195.36.92
248,Neddy,Yuille,nyuille6v@ucsd.edu,Female,22.114.69.95
249,Alane,Cosby,acosby6w@ihg.com,Genderfluid,84.216.250.138
250,Sherwood,Sinnocke,ssinnocke6x@google.es,Female,77.134.211.30
251,Claudina,Shatliff,cshatliff6y@livejournal.com,Agender,55.40.78.163
252,Bucky,Keford,bkeford6z@globo.com,Bigender,198.60.17.242
253,Trefor,Fallows,tfallows70@google.com,Non-binary,108.230.180.11
254,Charlotta,Gallamore,cgallamore71@angelfire.com,Bigender,212.240.27.246
255,Baily,Minet,bminet72@intel.com,Agender,124.65.85.193
256,Zachery,Fradgley,zfradgley73@artisteer.com,Female,60.43.115.7
257,Matthus,Moyes,mmoyes74@un.org,Polygender,213.198.169.166
258,Latashia,Edwicke,ledwicke75@ovh.net,Male,80.214.243.108
259,Felix,Shorto,fshorto76@mashable.com,Polygender,150.27.171.236
260,Kalina,Szymonwicz,kszymonwicz77@google.it,Polygender,204.159.149.59
261,Fitzgerald,Phythien,fphythien78@arstechnica.com,Bigender,102.17.135.254
262,Kevyn,Ferens,kferens79@zdnet.com,Agender,64.62.104.9
263,Rudolfo,Timbs,rtimbs7a@nifty.com,Non-binary,250.106.5.79
264,Aeriel,Thaine,athaine7b@symantec.com,Genderfluid,110.18.75.200
265,Staford,Hurrion,shurrion7c@pcworld.com,Agender,38.37.158.214
266,Christoper,Gilbody,cgilbody7d@wikia.com,Bigender,78.184.248.137
267,Tomasina,Goodricke,tgoodricke7e@disqus.com,Non-binary,29.49.119.111
268,Martainn,Staten,mstaten7f@pen.io,Bigender,202.88.122.175
269,Armando,Friedlos,afriedlos7g@nifty.com,Female,157.154.240.78
270,Sutton,Brownhall,sbrownhall7h@yahoo.co.jp,Male,242.27.28.185
271,Goober,Bridger,gbridger7i@businesswire.com,Agender,116.15.109.229
272,Matthus,Grealy,mgrealy7j@businessinsider.com,Agender,161.211.204.215
273,Natal,Ilsley,nilsley7k@diigo.com,Genderqueer,13.144.133.134
274,Isadora,Lorrain,ilorrain7l@telegraph.co.uk,Polygender,12.86.177.189
275,Murray,Dowey,mdowey7m@alibaba.com,Polygender,240.218.9.78
276,Halimeda,Altimas,haltimas7n@sina.com.cn,Non-binary,230.209.107.168
277,Jason,Birtle,jbirtle7o@msu.edu,Male,125.111.192.18
278,Viv,Doucette,vdoucette7p@xinhuanet.com,Female,94.7.245.243
279,Vanya,Murrill,vmurrill7q@live.com,Polygender,143.158.37.115
280,Randie,Claesens,rclaesens7r@wiley.com,Female,90.237.89.155
281,Penrod,Yeld,pyeld7s@histats.com,Agender,84.253.171.252
282,Bartie,Bertot,bbertot7t@moonfruit.com,Agender,230.58.244.209
283,Nicolette,Billiard,nbilliard7u@va.gov,Agender,132.184.107.27
284,Theressa,Ree,tree7v@yellowbook.com,Genderfluid,28.213.235.242
285,Reinaldos,Kobierra,rkobierra7w@vistaprint.com,Non-binary,193.215.247.27
286,Debbi,Kertess,dkertess7x@last.fm,Female,171.101.196.217
287,Sheff,Ducker,sducker7y@msn.com,Female,129.55.52.236
288,Godfree,Ferens,gferens7z@cafepress.com,Genderfluid,204.25.55.228
289,Carey,Croisier,ccroisier80@gravatar.com,Male,233.39.211.10
290,Christan,Heyns,cheyns81@printfriendly.com,Male,31.7.20.73
291,Cole,Jowsey,cjowsey82@ed.gov,Polygender,233.184.25.54
292,Bree,Buglar,bbuglar83@instagram.com,Genderqueer,76.12.67.142
293,Gerrie,Ritchard,gritchard84@facebook.com,Male,231.189.166.132
294,Muhammad,Collymore,mcollymore85@phoca.cz,Female,200.61.103.15
295,Jamal,Hellewell,jhellewell86@yahoo.com,Polygender,244.64.74.148
296,Urson,Jerrard,ujerrard87@hhs.gov,Polygender,194.143.243.247
297,Dara,Jiricka,djiricka88@imageshack.us,Male,169.237.206.107
298,Celestyn,Tickner,ctickner89@bigcartel.com,Genderqueer,24.92.123.8
299,Aundrea,Hebbes,ahebbes8a@nymag.com,Non-binary,196.123.37.191
300,Rubia,Hutcheons,rhutcheons8b@techcrunch.com,Genderfluid,255.16.167.250
301,Letisha,Jackling,ljackling8c@omniture.com,Bigender,248.106.82.0
302,George,Bouldstridge,gbouldstridge8d@dedecms.com,Bigender,220.154.94.186
303,Aile,Francesco,afrancesco8e@unc.edu,Genderfluid,20.180.74.68
304,Berky,D'Orsay,bdorsay8f@tripod.com,Genderfluid,0.241.181.33
305,Englebert,Thomasen,ethomasen8g@twitter.com,Genderfluid,82.147.16.43
306,Casper,Siggin,csiggin8h@army.mil,Non-binary,17.184.131.202
307,Cassie,Impleton,cimpleton8i@squarespace.com,Bigender,156.11.149.187
308,Gwenora,Canner,gcanner8j@nps.gov,Agender,132.137.150.165
309,Steffen,Crockett,scrockett8k@nyu.edu,Genderfluid,229.130.198.196
310,Thorn,Hartridge,thartridge8l@blog.com,Genderqueer,176.196.44.109
311,Abagael,Rieflin,arieflin8m@icq.com,Non-binary,15.235.141.37
312,Bailey,Adin,badin8n@barnesandnoble.com,Male,44.178.138.139
313,Leonidas,Zappel,lzappel8o@dion.ne.jp,Polygender,136.222.151.47
314,Dominica,Behnecken,dbehnecken8p@stanford.edu,Non-binary,130.80.99.222
315,Austine,Hugli,ahugli8q@ca.gov,Male,232.178.204.224
316,Shelba,Ronisch,sronisch8r@linkedin.com,Bigender,2.16.107.194
317,Skipp,Kindle,skindle8s@github.com,Genderqueer,0.237.152.180
318,Meggi,Emnoney,memnoney8t@cnet.com,Female,203.240.125.87
319,Svend,Salle,ssalle8u@pcworld.com,Female,163.170.140.132
320,Saxe,Wands,swands8v@purevolume.com,Agender,165.58.62.133
321,Gabriell,Wakerley,gwakerley8w@tamu.edu,Genderqueer,21.143.34.203
322,Hannis,MacGray,hmacgray8x@gravatar.com,Genderqueer,145.182.79.77
323,Clementine,Kingswood,ckingswood8y@booking.com,Female,68.198.227.89
324,Geoff,Welchman,gwelchman8z@sakura.ne.jp,Non-binary,50.201.224.122
325,Cirillo,Belhomme,cbelhomme90@ovh.net,Male,128.26.57.156
326,Gerome,Lenahan,glenahan91@friendfeed.com,Agender,190.67.199.239
327,Immanuel,Clayhill,iclayhill92@wikimedia.org,Genderqueer,214.190.237.188
328,Caralie,Vassbender,cvassbender93@utexas.edu,Bigender,135.101.103.53
329,Faber,Thorowgood,fthorowgood94@zdnet.com,Agender,5.16.106.181
330,Misty,Matyukon,mmatyukon95@liveinternet.ru,Female,137.239.41.111
331,Danice,Pechet,dpechet96@seattletimes.com,Bigender,155.149.62.117
332,Stacee,Bloys,sbloys97@alexa.com,Male,168.57.82.223
333,Melba,Roskelly,mroskelly98@nba.com,Male,237.227.106.75
334,Beryl,Van de Vlies,bvandevlies99@surveymonkey.com,Male,240.46.247.127
335,Den,Cannavan,dcannavan9a@accuweather.com,Male,98.80.91.148
336,Dominick,Scholtis,dscholtis9b@toplist.cz,Bigender,175.91.236.179
337,Brietta,Rawstorn,brawstorn9c@mapy.cz,Male,240.138.241.173
338,Bartlett,de Werk,bdewerk9d@gravatar.com,Agender,88.69.31.182
339,Ericka,Handyside,ehandyside9e@myspace.com,Bigender,243.133.176.80
340,Robby,Backshall,rbackshall9f@loc.gov,Genderqueer,119.112.167.220
341,Basil,Isabell,bisabell9g@cnn.com,Male,90.238.153.114
342,Rozalie,Rhelton,rrhelton9h@cafepress.com,Genderfluid,114.247.223.7
343,Leontyne,Norcliff,lnorcliff9i@statcounter.com,Genderfluid,38.52.105.202
344,Dede,Hadden,dhadden9j@hexun.com,Female,126.84.169.117
345,Seumas,Hardinge,shardinge9k@virginia.edu,Polygender,110.127.224.215
346,Celestyn,Hounson,chounson9l@wikia.com,Polygender,195.53.96.87
347,Alica,Gwinn,agwinn9m@vkontakte.ru,Non-binary,215.241.34.173
348,Torey,Cowely,tcowely9n@who.int,Non-binary,33.116.10.123
349,Clay,Domenichelli,cdomenichelli9o@simplemachines.org,Agender,229.155.161.6
350,Shel,Blight,sblight9p@mapy.cz,Genderqueer,131.139.168.57
351,Fanchette,Presswell,fpresswell9q@livejournal.com,Non-binary,159.151.54.104
352,Clemens,Farnell,cfarnell9r@mozilla.org,Polygender,109.57.183.127
353,Erin,Brunon,ebrunon9s@google.ca,Male,96.161.146.95
354,Dorotea,Kitchingman,dkitchingman9t@list-manage.com,Female,130.180.53.235
355,Greggory,Garr,ggarr9u@ocn.ne.jp,Agender,98.166.14.70
356,Maryjo,MacIan,mmacian9v@eepurl.com,Male,243.163.64.235
357,Catherin,Minghella,cminghella9w@unc.edu,Polygender,173.100.183.11
358,Esteban,Holleran,eholleran9x@dedecms.com,Male,254.236.48.38
359,Susanne,Wogan,swogan9y@chronoengine.com,Agender,94.60.63.242
360,Nikolos,Carty,ncarty9z@uiuc.edu,Non-binary,206.76.255.115
361,Annabella,Conningham,aconninghama0@google.it,Genderfluid,86.132.174.71
362,Dierdre,Dummer,ddummera1@histats.com,Male,218.133.62.28
363,Charlot,Lippiatt,clippiatta2@telegraph.co.uk,Agender,187.87.122.233
364,Ferne,Gurdon,fgurdona3@csmonitor.com,Female,206.87.127.119
365,Aliza,Bunhill,abunhilla4@census.gov,Female,139.100.111.89
366,Em,Stean,esteana5@shinystat.com,Male,33.244.243.68
367,Sayre,Pashen,spashena6@google.co.uk,Genderqueer,168.199.54.26
368,Dennet,Dumphy,ddumphya7@over-blog.com,Male,192.117.212.153
369,Obie,Tomankiewicz,otomankiewicza8@multiply.com,Male,115.224.135.169
370,Sharyl,Saye,ssayea9@desdev.cn,Non-binary,161.177.135.56
371,Yancy,Icom,yicomaa@netscape.com,Genderqueer,178.77.64.22
372,Calla,Cargen,ccargenab@cam.ac.uk,Agender,41.159.214.200
373,Rafferty,Bavester,rbavesterac@edublogs.org,Female,219.4.205.212
374,Rudiger,Canas,rcanasad@goodreads.com,Genderfluid,24.10.62.169
375,Lowrance,Franck,lfranckae@twitpic.com,Male,169.134.142.242
376,Warde,Linke,wlinkeaf@dailymotion.com,Polygender,77.162.88.220
377,Cam,Tosdevin,ctosdevinag@bbc.co.uk,Agender,225.129.89.128
378,Clemens,Le Fleming,cleflemingah@lycos.com,Genderfluid,243.108.249.191
379,Corty,Berget,cbergetai@umn.edu,Male,41.134.220.5
380,Lorinda,Housley,lhousleyaj@skype.com,Polygender,74.138.21.102
381,Bobine,Bevington,bbevingtonak@merriam-webster.com,Genderqueer,28.25.182.216
382,Ailbert,Blazhevich,ablazhevichal@flavors.me,Agender,167.172.143.207
383,Baxie,MacTrustey,bmactrusteyam@twitpic.com,Polygender,204.199.112.196
384,Bella,Jevons,bjevonsan@vkontakte.ru,Female,90.167.9.206
385,Lyndell,Beers,lbeersao@vkontakte.ru,Non-binary,41.173.207.255
386,Jeane,Pettis,jpettisap@tamu.edu,Male,14.98.203.218
387,Conrad,Deguara,cdeguaraaq@ucsd.edu,Agender,209.117.89.116
388,Lynnet,Coiley,lcoileyar@newsvine.com,Bigender,177.75.9.102
389,Cyrill,Truitt,ctruittas@foxnews.com,Female,127.50.78.128
390,Binky,Maes,bmaesat@illinois.edu,Bigender,6.174.76.68
391,Raychel,Sanham,rsanhamau@hostgator.com,Genderqueer,151.69.134.125
392,Indira,McGarrell,imcgarrellav@nymag.com,Non-binary,230.56.112.36
393,Nicko,Mitchall,nmitchallaw@people.com.cn,Polygender,32.252.179.152
394,Carlos,Cordeix,ccordeixax@blogger.com,Genderqueer,253.143.224.231
395,Marlyn,Djakovic,mdjakovicay@hostgator.com,Polygender,23.104.60.201
396,Novelia,Hearnshaw,nhearnshawaz@squidoo.com,Non-binary,158.127.162.106
397,Wilt,Castane,wcastaneb0@bbc.co.uk,Non-binary,15.201.36.237
398,Delmar,Masic,dmasicb1@ucoz.com,Bigender,73.192.39.114
399,Paule,Adame,padameb2@odnoklassniki.ru,Agender,125.87.19.203
400,Sander,Spada,sspadab3@sun.com,Female,236.88.118.13
401,Janeen,Cowlishaw,jcowlishawb4@oracle.com,Bigender,207.193.62.215
402,Mariska,Puleston,mpulestonb5@usatoday.com,Female,197.92.119.238
403,Flossi,Slater,fslaterb6@stumbleupon.com,Agender,247.173.131.214
404,Pavel,Caveill,pcaveillb7@macromedia.com,Bigender,74.218.221.122
405,Wendi,Adame,wadameb8@wix.com,Female,16.112.80.104
406,Heriberto,Irvin,hirvinb9@arizona.edu,Polygender,29.88.206.19
407,Morie,Jimes,mjimesba@cpanel.net,Male,208.153.46.47
408,Ashla,Pargent,apargentbb@nyu.edu,Genderfluid,185.109.18.199
409,Rainer,Gierke,rgierkebc@elegantthemes.com,Agender,232.178.108.208
410,Rockwell,Impett,rimpettbd@sina.com.cn,Agender,147.219.207.108
411,Ethyl,Lubbock,elubbockbe@tinypic.com,Genderqueer,154.111.47.119
412,Ninnetta,Quig,nquigbf@mapquest.com,Genderfluid,56.146.63.156
413,Dannel,Butson,dbutsonbg@tamu.edu,Genderfluid,30.82.171.164
414,Lem,Mackerel,lmackerelbh@goo.ne.jp,Genderfluid,95.69.248.9
415,Marvin,Camois,mcamoisbi@sourceforge.net,Bigender,194.116.9.93
416,Dud,Griffoen,dgriffoenbj@mtv.com,Male,194.141.246.226
417,Kinsley,Cobbald,kcobbaldbk@icq.com,Male,84.124.95.154
418,Luigi,Webborn,lwebbornbl@tinypic.com,Female,6.34.67.251
419,Othelia,Toplis,otoplisbm@time.com,Female,169.139.49.81
420,Luelle,Zanassi,lzanassibn@surveymonkey.com,Polygender,190.145.212.243
421,Orland,Oldroyde,ooldroydebo@wordpress.org,Non-binary,218.73.116.233
422,Derby,Bamfield,dbamfieldbp@dot.gov,Genderqueer,139.104.186.104
423,Delphine,Veevers,dveeversbq@dell.com,Agender,11.27.18.203
424,Geoffry,Catford,gcatfordbr@jiathis.com,Male,156.1.177.38
425,Dall,Brimham,dbrimhambs@epa.gov,Genderqueer,89.141.30.244
426,Sebastiano,Crookall,scrookallbt@cbslocal.com,Male,168.126.247.6
427,Maxie,Ritelli,mritellibu@skyrock.com,Non-binary,133.21.111.17
428,Roseann,Capelin,rcapelinbv@deviantart.com,Polygender,245.129.161.128
429,Garald,Fallanche,gfallanchebw@vkontakte.ru,Male,118.254.41.73
430,Findley,Muehler,fmuehlerbx@vinaora.com,Non-binary,37.0.220.113
431,Waneta,Bickmore,wbickmoreby@netscape.com,Genderqueer,193.184.202.42
432,Jone,Regitz,jregitzbz@discuz.net,Polygender,124.250.103.213
433,Barbe,Camosso,bcamossoc0@wired.com,Agender,148.172.87.62
434,Margette,Fawcitt,mfawcittc1@mayoclinic.com,Bigender,88.116.150.2
435,Cody,Massinger,cmassingerc2@wikipedia.org,Agender,90.214.229.128
436,Gertruda,Cosley,gcosleyc3@drupal.org,Polygender,177.247.135.141
437,Collete,Ewbanks,cewbanksc4@miitbeian.gov.cn,Female,249.74.248.225
438,Rochell,Iacovielli,riacoviellic5@ow.ly,Non-binary,97.145.205.101
439,Bruis,Mallindine,bmallindinec6@ning.com,Agender,158.71.145.29
440,Margret,Bowie,mbowiec7@cafepress.com,Polygender,238.210.231.86
441,Mord,Jobe,mjobec8@bigcartel.com,Female,20.19.98.37
442,Julio,Guidone,jguidonec9@domainmarket.com,Genderqueer,198.74.240.219
443,Shir,Walentynowicz,swalentynowiczca@posterous.com,Female,246.193.48.19
444,Mack,Tadd,mtaddcb@hhs.gov,Polygender,32.183.126.225
445,Demetris,Shewan,dshewancc@dailymotion.com,Bigender,152.210.100.249
446,Waylan,Crocroft,wcrocroftcd@shutterfly.com,Female,137.109.114.227
447,Munmro,Stookes,mstookesce@cbslocal.com,Genderfluid,222.192.220.38
448,Arty,Egle of Germany,aegleofgermanycf@51.la,Female,236.60.24.42
449,Grover,Extall,gextallcg@naver.com,Female,144.218.31.132
450,Gilburt,Bowlesworth,gbowlesworthch@mlb.com,Genderfluid,166.13.88.205
451,Pierre,Biagi,pbiagici@is.gd,Female,239.50.66.226
452,Britteny,Leeb,bleebcj@weather.com,Non-binary,242.106.197.12
453,Tristam,Kobus,tkobusck@oaic.gov.au,Genderqueer,121.146.99.74
454,Cordell,Braybrooke,cbraybrookecl@weebly.com,Genderfluid,148.82.154.41
455,Les,Setterington,lsetteringtoncm@constantcontact.com,Polygender,169.233.38.98
456,Ronna,Moye,rmoyecn@ehow.com,Genderqueer,122.222.53.33
457,Ruperta,Gierek,rgierekco@jalbum.net,Non-binary,177.26.233.110
458,Denny,Devons,ddevonscp@un.org,Genderqueer,114.87.131.159
459,Faina,Sharram,fsharramcq@craigslist.org,Female,31.230.118.24
460,Wanda,Glennard,wglennardcr@cocolog-nifty.com,Genderfluid,31.139.139.177
461,Zia,Kettlesing,zkettlesingcs@engadget.com,Male,247.60.50.68
462,Dion,Portchmouth,dportchmouthct@unblog.fr,Genderfluid,77.251.103.114
463,Ami,Underwood,aunderwoodcu@ycombinator.com,Polygender,3.27.178.156
464,Dacie,Broadfoot,dbroadfootcv@virginia.edu,Genderfluid,53.17.193.183
465,Peta,Gostridge,pgostridgecw@epa.gov,Genderqueer,42.153.77.34
466,Ware,MacKenny,wmackennycx@soundcloud.com,Male,42.93.59.16
467,Bonni,Delort,bdelortcy@free.fr,Male,8.223.38.188
468,Adele,Nicholson,anicholsoncz@gov.uk,Polygender,127.213.80.106
469,Concettina,Simmans,csimmansd0@symantec.com,Non-binary,236.87.105.118
470,Lexis,Maty,lmatyd1@fastcompany.com,Polygender,152.25.67.64
471,Dacey,Astlett,dastlettd2@spiegel.de,Agender,35.220.163.7
472,Orel,Kearn,okearnd3@topsy.com,Agender,190.176.4.244
473,Willie,Dmiterko,wdmiterkod4@linkedin.com,Male,113.201.30.180
474,Bartolomeo,Muckersie,bmuckersied5@livejournal.com,Female,159.78.159.215
475,Glenda,Bewsy,gbewsyd6@squarespace.com,Male,228.95.137.53
476,Alisander,Halbeard,ahalbeardd7@yahoo.com,Agender,18.72.47.143
477,Moises,Shortell,mshortelld8@statcounter.com,Genderfluid,191.119.235.245
478,Adore,Gothliff,agothliffd9@tripod.com,Bigender,62.117.207.160
479,Danny,Sollner,dsollnerda@virginia.edu,Male,82.154.88.202
480,Brittne,Baunton,bbauntondb@github.io,Female,57.8.189.164
481,Reine,Prendergrast,rprendergrastdc@myspace.com,Bigender,9.173.47.65
482,Marcelo,Bleythin,mbleythindd@microsoft.com,Genderfluid,202.184.196.25
483,Noemi,Braben,nbrabende@nydailynews.com,Agender,40.183.105.138
484,Yancy,Kilalea,ykilaleadf@github.io,Genderfluid,16.78.192.155
485,Caye,Poulett,cpoulettdg@webeden.co.uk,Male,174.201.83.119
486,Addy,Nana,ananadh@g.co,Polygender,146.184.37.119
487,Edwin,Gooders,egoodersdi@seesaa.net,Polygender,101.18.62.252
488,Brynn,Prinn,bprinndj@mozilla.org,Genderfluid,198.215.20.27
489,Leroy,Bortolazzi,lbortolazzidk@aol.com,Polygender,166.35.184.137
490,Munmro,Privost,mprivostdl@youku.com,Genderqueer,58.64.88.151
491,Ania,Denyukin,adenyukindm@sfgate.com,Male,73.35.7.244
492,Constantia,Couzens,ccouzensdn@psu.edu,Genderqueer,140.236.75.216
493,Carina,McMychem,cmcmychemdo@disqus.com,Bigender,8.32.241.250
494,Odille,Yorke,oyorkedp@lycos.com,Bigender,167.155.33.178
495,Silva,Elsip,selsipdq@soup.io,Bigender,141.251.247.22
496,Marmaduke,Jedrzejkiewicz,mjedrzejkiewiczdr@hostgator.com,Non-binary,138.253.216.90
497,Adair,Pagen,apagends@blogtalkradio.com,Agender,2.134.57.11
498,Zaneta,Halse,zhalsedt@shareasale.com,Bigender,156.29.6.205
499,Calhoun,Pepye,cpepyedu@t-online.de,Non-binary,143.154.21.228
500,Jacquie,Lyptrit,jlyptritdv@diigo.com,Agender,245.154.4.238
501,Dyann,Waite,dwaitedw@timesonline.co.uk,Bigender,89.48.27.162
502,Matthus,Goodlud,mgoodluddx@japanpost.jp,Male,203.141.176.75
503,Creighton,Crosgrove,ccrosgrovedy@sourceforge.net,Female,153.190.144.69
504,Jyoti,Heyward,jheywarddz@yandex.ru,Bigender,159.105.192.200
505,Cherry,Kenworth,ckenworthe0@discovery.com,Polygender,25.218.150.68
506,Matilde,Cauley,mcauleye1@ow.ly,Polygender,117.194.158.164
507,Sissie,Jakeway,sjakewaye2@microsoft.com,Agender,88.178.227.53
508,Dougy,Origin,dorigine3@thetimes.co.uk,Genderfluid,163.58.119.58
509,Daphne,Sheed,dsheede4@sfgate.com,Non-binary,147.139.130.241
510,Walt,Dobbins,wdobbinse5@trellian.com,Female,210.230.199.156
511,Willem,Slemming,wslemminge6@unicef.org,Male,195.111.22.33
512,Jania,Sarvar,jsarvare7@china.com.cn,Agender,130.84.241.102
513,Lorna,Swaile,lswailee8@mediafire.com,Bigender,251.35.25.137
514,Burl,Lightowlers,blightowlerse9@sbwire.com,Female,82.205.150.220
515,Ricardo,Arne,rarneea@xinhuanet.com,Agender,85.228.196.252
516,Mikel,Cottrill,mcottrilleb@independent.co.uk,Male,169.14.136.1
517,Gordy,Yacob,gyacobec@vinaora.com,Female,140.147.209.13
518,Dillon,Innocent,dinnocented@usgs.gov,Male,245.102.8.219
519,Brooks,Kivelle,bkivelleee@hc360.com,Polygender,50.135.110.181
520,Feliza,Mordey,fmordeyef@imdb.com,Agender,205.2.160.45
521,Cherri,Agus,caguseg@ucoz.ru,Bigender,162.167.167.192
522,Irwin,Carletto,icarlettoeh@adobe.com,Non-binary,43.233.144.235
523,Nikki,Keilloh,nkeillohei@arstechnica.com,Bigender,59.64.29.64
524,Suzanna,Reyner,sreynerej@jalbum.net,Genderfluid,90.105.187.204
525,Granville,Giametti,ggiamettiek@123-reg.co.uk,Genderqueer,153.0.46.243
526,Nicolai,Kyles,nkylesel@google.ru,Agender,238.200.7.201
527,Barris,D'Aubney,bdaubneyem@ustream.tv,Agender,34.36.164.227
528,Hallsy,Borgnet,hborgneten@omniture.com,Female,168.61.243.235
529,Kerstin,Broxap,kbroxapeo@dyndns.org,Genderqueer,56.4.159.140
530,Emmett,Acarson,eacarsonep@constantcontact.com,Non-binary,40.167.72.126
531,Elyse,Bauchop,ebauchopeq@tamu.edu,Polygender,179.143.144.153
532,Isabelita,Rickaert,irickaerter@youtube.com,Genderfluid,109.56.40.129
533,Carolina,Tremoulet,ctremouletes@utexas.edu,Genderqueer,122.16.116.78
534,Meredith,Mulford,mmulfordet@house.gov,Polygender,4.198.176.192
535,Niles,Pogue,npogueeu@meetup.com,Bigender,132.232.249.250
536,Thorsten,Tookill,ttookillev@paypal.com,Agender,107.255.236.170
537,Denver,Sperry,dsperryew@reddit.com,Agender,11.213.94.178
538,Garrard,Scotford,gscotfordex@dmoz.org,Genderqueer,22.146.135.228
539,Giana,Lothean,glotheaney@shinystat.com,Male,214.0.135.179
540,Les,Bovis,lbovisez@flavors.me,Non-binary,6.179.199.167
541,Orbadiah,Claussen,oclaussenf0@stanford.edu,Female,148.240.164.22
542,Teri,Bowling,tbowlingf1@china.com.cn,Genderqueer,98.231.47.168
543,Cacilie,Pinsent,cpinsentf2@fema.gov,Female,246.6.115.183
544,Silvanus,Wallace,swallacef3@springer.com,Agender,38.58.174.50
545,Tait,Thurstan,tthurstanf4@wired.com,Bigender,109.185.219.185
546,Harv,Parslow,hparslowf5@exblog.jp,Genderfluid,28.217.227.97
547,Chev,Greaser,cgreaserf6@latimes.com,Polygender,217.60.84.21
548,Bonnibelle,Ottley,bottleyf7@xinhuanet.com,Agender,147.194.152.112
549,Lita,Aspall,laspallf8@comsenz.com,Polygender,62.54.75.243
550,Katheryn,Ayton,kaytonf9@cafepress.com,Agender,211.72.66.157
551,Uriel,Vassano,uvassanofa@scribd.com,Genderqueer,99.127.72.181
552,Edward,Sancias,esanciasfb@virginia.edu,Bigender,48.235.254.9
553,Arnie,Nisen,anisenfc@bizjournals.com,Male,255.157.244.202
554,Joyan,Peacock,jpeacockfd@ibm.com,Bigender,113.211.136.126
555,Noel,Fardoe,nfardoefe@lycos.com,Non-binary,254.210.122.233
556,Timothy,Laight,tlaightff@zimbio.com,Female,107.121.16.49
557,Abigale,Doughton,adoughtonfg@bloglines.com,Genderqueer,151.6.193.15
558,Leigha,Robbins,lrobbinsfh@google.ca,Genderfluid,217.37.209.49
559,Stesha,Riden,sridenfi@wikia.com,Bigender,164.87.111.130
560,Teresa,Rutland,trutlandfj@admin.ch,Non-binary,190.24.206.173
561,Chick,Elloway,cellowayfk@bluehost.com,Agender,160.210.250.181
562,Kaila,Bilbery,kbilberyfl@icq.com,Agender,26.224.6.196
563,Bernie,Colloff,bcollofffm@ca.gov,Female,93.232.153.146
564,Ellswerth,Tressler,etresslerfn@washingtonpost.com,Genderqueer,78.9.84.252
565,Ingar,Langworthy,ilangworthyfo@live.com,Agender,97.200.27.57
566,Mariam,MacLice,mmaclicefp@behance.net,Polygender,214.144.161.44
567,Quintina,Thridgould,qthridgouldfq@unesco.org,Male,75.246.233.136
568,Shelley,Marfield,smarfieldfr@sun.com,Genderqueer,31.151.53.121
569,Andee,Barfoot,abarfootfs@answers.com,Genderfluid,216.133.108.74
570,Bernhard,Bradbrook,bbradbrookft@earthlink.net,Polygender,88.54.33.105
571,Nora,Cauthra,ncauthrafu@free.fr,Female,142.173.100.23
572,Ilario,Haggie,ihaggiefv@google.com,Polygender,233.170.88.198
573,Adan,Rolse,arolsefw@scribd.com,Non-binary,170.119.185.168
574,Gabriel,Clendinning,gclendinningfx@aol.com,Polygender,11.75.247.29
575,Ole,Perrycost,operrycostfy@paypal.com,Non-binary,232.129.169.146
576,Norah,Tattersall,ntattersallfz@networkadvertising.org,Male,96.157.26.247
577,Sioux,Knighton,sknightong0@howstuffworks.com,Non-binary,189.217.71.140
578,Gunilla,Almak,galmakg1@oracle.com,Agender,63.153.138.198
579,Bennie,Probbings,bprobbingsg2@paginegialle.it,Genderqueer,249.206.130.97
580,Delbert,Dye,ddyeg3@feedburner.com,Bigender,190.249.185.147
581,Shandra,Jakeman,sjakemang4@latimes.com,Genderqueer,64.28.68.61
582,Bevvy,Ruckhard,bruckhardg5@myspace.com,Bigender,66.213.68.233
583,Ellene,Muncey,emunceyg6@de.vu,Polygender,108.69.207.18
584,Ree,Chastagnier,rchastagnierg7@instagram.com,Agender,112.30.16.179
585,Ursulina,Kingston,ukingstong8@moonfruit.com,Male,54.152.81.136
586,Vale,Lanktree,vlanktreeg9@networksolutions.com,Genderqueer,138.141.205.57
587,Trisha,Legerwood,tlegerwoodga@mac.com,Bigender,195.185.177.17
588,Melinde,Bilbrey,mbilbreygb@sphinn.com,Male,78.63.114.55
589,Piggy,Petre,ppetregc@google.ca,Polygender,253.124.0.122
590,Doloritas,Aldrin,daldringd@simplemachines.org,Male,40.32.13.147
591,Chilton,Mackrill,cmackrillge@delicious.com,Genderfluid,168.153.203.75
592,Mollee,Currom,mcurromgf@sourceforge.net,Non-binary,196.152.74.2
593,Ingeberg,Skeldinge,iskeldingegg@baidu.com,Genderfluid,81.113.71.135
594,Tybalt,Albury,talburygh@wiley.com,Genderqueer,86.31.103.83
595,Gearard,Janczewski,gjanczewskigi@yelp.com,Bigender,1.193.67.67
596,Bella,Locock,blocockgj@salon.com,Female,73.32.146.254
597,Wynnie,Dowdle,wdowdlegk@liveinternet.ru,Bigender,25.221.117.68
598,Thorn,Maccari,tmaccarigl@fc2.com,Genderfluid,172.246.247.91
599,Ludwig,Scarth,lscarthgm@deliciousdays.com,Bigender,147.89.82.109
600,Cece,Simoncelli,csimoncellign@boston.com,Bigender,213.225.215.221
601,Nolan,Linster,nlinstergo@ibm.com,Genderfluid,38.152.4.24
602,Daphne,Bunny,dbunnygp@nhs.uk,Genderfluid,60.124.182.164
603,Drusilla,Dutnall,ddutnallgq@utexas.edu,Polygender,22.240.244.119
604,Mersey,Grugerr,mgrugerrgr@netlog.com,Genderfluid,197.83.102.213
605,Eunice,Attersoll,eattersollgs@angelfire.com,Polygender,170.48.164.153
606,Klement,Marcu,kmarcugt@surveymonkey.com,Bigender,172.235.183.43
607,Keriann,O'Gleasane,kogleasanegu@ow.ly,Non-binary,176.12.38.66
608,Vaughn,Fingleton,vfingletongv@cdbaby.com,Genderqueer,62.154.42.97
609,Marita,Laminman,mlaminmangw@multiply.com,Bigender,194.11.228.117
610,Welby,Madders,wmaddersgx@eventbrite.com,Genderqueer,161.11.223.254
611,Midge,Aindriu,maindriugy@buzzfeed.com,Non-binary,38.90.243.34
612,Miquela,Cattenach,mcattenachgz@dailymail.co.uk,Genderqueer,148.223.105.236
613,Torrance,Piegrome,tpiegromeh0@ebay.com,Polygender,178.0.173.214
614,Whitaker,Lazell,wlazellh1@naver.com,Genderfluid,169.60.48.134
615,Karia,Kingwell,kkingwellh2@mysql.com,Genderfluid,216.63.123.176
616,Stesha,MacSweeney,smacsweeneyh3@oaic.gov.au,Genderfluid,6.139.232.97
617,Tannie,Saiens,tsaiensh4@ucoz.com,Agender,141.169.93.129
618,Gradeigh,Wynett,gwynetth5@apple.com,Non-binary,247.161.94.116
619,Christy,Mains,cmainsh6@google.ru,Genderqueer,19.148.78.95
620,Lowe,Francioli,lfranciolih7@ucoz.com,Female,3.4.229.79
621,Viole,Bagwell,vbagwellh8@tiny.cc,Agender,38.176.37.196
622,Rivy,Maharry,rmaharryh9@whitehouse.gov,Bigender,90.240.113.202
623,Alisa,Byng,abyngha@umn.edu,Male,45.40.106.15
624,Ardine,Renols,arenolshb@scientificamerican.com,Agender,203.198.116.144
625,Melly,Braycotton,mbraycottonhc@oaic.gov.au,Bigender,131.211.13.91
626,Yalonda,Minthorpe,yminthorpehd@imgur.com,Genderqueer,121.181.169.198
627,Burl,Creagh,bcreaghhe@altervista.org,Genderqueer,160.161.31.136
628,Colan,Manhood,cmanhoodhf@fema.gov,Female,109.152.194.245
629,Bridget,Cranney,bcranneyhg@time.com,Female,0.200.97.78
630,Jeramey,Wasielewski,jwasielewskihh@cdbaby.com,Bigender,39.82.74.162
631,Sandye,Allridge,sallridgehi@bandcamp.com,Genderfluid,77.189.134.247
632,Livy,Goodlife,lgoodlifehj@squarespace.com,Agender,241.63.229.243
633,Alec,Fippe,afippehk@uiuc.edu,Female,252.10.55.17
634,Murdoch,Wheeliker,mwheelikerhl@slate.com,Non-binary,175.67.3.243
635,Lutero,Paulson,lpaulsonhm@plala.or.jp,Agender,85.249.250.72
636,Glennie,Bew,gbewhn@dot.gov,Bigender,207.191.51.70
637,Ferdinand,Adnam,fadnamho@ebay.co.uk,Female,245.146.191.83
638,Jude,Raleston,jralestonhp@drupal.org,Male,188.204.213.124
639,Krishnah,Errett,kerretthq@g.co,Polygender,9.19.83.31
640,Ivett,Zielinski,izielinskihr@simplemachines.org,Genderqueer,237.117.122.80
641,Haley,Gourlay,hgourlayhs@baidu.com,Non-binary,238.185.19.217
642,Pierrette,Yewdell,pyewdellht@loc.gov,Female,22.125.208.4
643,Kizzee,Hampton,khamptonhu@marriott.com,Genderfluid,90.154.70.58
644,Selene,Brame,sbramehv@alibaba.com,Male,200.108.227.203
645,Buddie,Colebeck,bcolebeckhw@oracle.com,Genderqueer,243.82.235.150
646,Zaneta,Caesar,zcaesarhx@themeforest.net,Female,208.124.93.128
647,Bendite,Privett,bprivetthy@aboutads.info,Female,190.99.82.188
648,Grace,Stubbs,gstubbshz@spiegel.de,Agender,126.199.179.131
649,Helli,Cottrell,hcottrelli0@imageshack.us,Male,18.141.84.180
650,Karlis,Gadeaux,kgadeauxi1@bigcartel.com,Genderfluid,206.74.140.134
651,Wylie,Rysdale,wrysdalei2@nasa.gov,Polygender,129.53.173.199
652,Doug,Maty,dmatyi3@bbc.co.uk,Agender,115.35.2.156
653,Tresa,Getty,tgettyi4@bloglovin.com,Agender,70.138.214.51
654,Elton,Latta,elattai5@jimdo.com,Agender,103.29.47.149
655,Even,Moss,emossi6@cloudflare.com,Male,87.232.167.154
656,Stillman,Caughey,scaugheyi7@ed.gov,Genderfluid,130.199.50.52
657,Luisa,Petre,lpetrei8@godaddy.com,Genderqueer,175.45.218.19
658,Raynor,Chaney,rchaneyi9@nyu.edu,Agender,245.134.243.152
659,Audie,Crotty,acrottyia@bluehost.com,Agender,44.214.247.95
660,Kasey,Crippill,kcrippillib@so-net.ne.jp,Genderfluid,201.84.161.99
661,Sara-ann,Frobisher,sfrobisheric@gizmodo.com,Agender,67.130.200.4
662,Veronike,Kearns,vkearnsid@cargocollective.com,Genderqueer,121.82.180.140
663,Konrad,Eddowis,keddowisie@vinaora.com,Polygender,225.219.30.251
664,Trace,Blazic,tblazicif@cyberchimps.com,Female,18.162.252.163
665,Maurits,Lopez,mlopezig@webeden.co.uk,Bigender,187.120.73.60
666,Tish,Cawse,tcawseih@ibm.com,Bigender,84.163.44.179
667,Frans,Gertray,fgertrayii@nba.com,Bigender,119.115.235.38
668,Maximilien,Filewood,mfilewoodij@hud.gov,Non-binary,112.240.152.190
669,Jocelyn,Johl,jjohlik@dropbox.com,Polygender,204.99.125.206
670,Amitie,Sizeland,asizelandil@storify.com,Genderfluid,120.173.145.162
671,Faulkner,Kisar,fkisarim@friendfeed.com,Polygender,101.138.111.193
672,Meade,Thring,mthringin@odnoklassniki.ru,Polygender,27.249.115.118
673,Em,Baldi,ebaldiio@examiner.com,Male,89.142.156.104
674,Dorine,Lepard,dlepardip@miibeian.gov.cn,Female,147.255.82.144
675,Jayson,Neill,jneilliq@webeden.co.uk,Female,49.170.216.205
676,Jerri,Marchiso,jmarchisoir@ebay.com,Male,13.67.145.202
677,Hymie,Vossgen,hvossgenis@barnesandnoble.com,Male,140.160.219.209
678,Haze,Thorowgood,hthorowgoodit@goo.ne.jp,Male,135.193.177.64
679,Christabel,Jakubovsky,cjakubovskyiu@parallels.com,Polygender,8.188.221.20
680,Mac,McNeice,mmcneiceiv@furl.net,Polygender,92.156.124.64
681,Lilah,Skillman,lskillmaniw@engadget.com,Female,120.172.228.20
682,Laraine,Juanes,ljuanesix@flickr.com,Polygender,31.87.206.148
683,Burton,Madison,bmadisoniy@arstechnica.com,Non-binary,70.136.206.6
684,Estell,Fettiplace,efettiplaceiz@sbwire.com,Agender,63.199.240.162
685,Martguerita,Haymes,mhaymesj0@usda.gov,Polygender,116.19.222.115
686,Glynis,McKeaney,gmckeaneyj1@shutterfly.com,Agender,222.79.39.16
687,Rab,Gerlts,rgerltsj2@scribd.com,Agender,102.194.200.122
688,Kyla,Lemin,kleminj3@moonfruit.com,Genderfluid,14.163.172.74
689,Pamella,Bridgen,pbridgenj4@paypal.com,Non-binary,107.239.106.108
690,Austen,Boal,aboalj5@macromedia.com,Female,17.117.234.37
691,Connie,Arnould,carnouldj6@ed.gov,Agender,70.251.91.157
692,Marietta,Keech,mkeechj7@usnews.com,Polygender,186.16.134.18
693,Lennard,Giacomucci,lgiacomuccij8@dagondesign.com,Polygender,37.48.118.144
694,Paddie,Dearness,pdearnessj9@reference.com,Female,82.33.8.132
695,Nerissa,Derkes,nderkesja@alibaba.com,Female,53.53.12.238
696,Guglielma,Ricardon,gricardonjb@dot.gov,Non-binary,214.75.164.8
697,Thomas,Blinder,tblinderjc@youtube.com,Polygender,220.194.85.174
698,Robinett,O'Feeney,rofeeneyjd@apache.org,Female,108.165.229.9
699,Riva,Owtram,rowtramje@google.com,Male,152.250.106.20
700,Nara,Westpfel,nwestpfeljf@jugem.jp,Bigender,94.209.62.16
701,Waneta,Larimer,wlarimerjg@youtube.com,Bigender,10.175.225.183
702,Maddie,Mosten,mmostenjh@nbcnews.com,Genderqueer,198.149.182.86
703,Broderick,Swindley,bswindleyji@cam.ac.uk,Male,13.39.56.144
704,Roxane,Bowater,rbowaterjj@xing.com,Genderfluid,180.3.92.177
705,Jeanne,Mossbee,jmossbeejk@amazon.co.jp,Genderfluid,228.113.207.35
706,Vivyanne,Dutton,vduttonjl@is.gd,Bigender,186.102.96.19
707,Timofei,Hehir,thehirjm@altervista.org,Non-binary,149.86.228.168
708,Marcy,Eaglestone,meaglestonejn@1und1.de,Bigender,131.39.145.89
709,Tricia,Pairpoint,tpairpointjo@barnesandnoble.com,Male,26.75.185.152
710,Viv,Venner,vvennerjp@go.com,Polygender,30.25.206.26
711,Christoforo,Warmington,cwarmingtonjq@ft.com,Polygender,234.205.23.111
712,Kain,Rennocks,krennocksjr@acquirethisname.com,Genderfluid,154.16.54.84
713,Torre,Gasnoll,tgasnolljs@uiuc.edu,Bigender,128.214.214.63
714,Wilhelmine,Cassar,wcassarjt@people.com.cn,Genderqueer,81.39.78.140
715,Ramon,Croughan,rcroughanju@ask.com,Genderfluid,168.32.27.65
716,Berny,Astlet,bastletjv@wunderground.com,Male,111.54.123.240
717,Culley,Ishak,cishakjw@sakura.ne.jp,Non-binary,242.233.103.26
718,Grantham,Truckett,gtruckettjx@issuu.com,Polygender,96.75.8.48
719,Bryce,Verbruggen,bverbruggenjy@chicagotribune.com,Non-binary,181.31.26.35
720,Craggy,Sotham,csothamjz@vimeo.com,Agender,103.207.72.107
721,Jonis,Basford,jbasfordk0@ocn.ne.jp,Non-binary,229.231.113.223
722,Cati,Kinnear,ckinneark1@china.com.cn,Genderfluid,234.7.129.186
723,Lorettalorna,Jefferson,ljeffersonk2@digg.com,Non-binary,105.83.99.32
724,Valina,Jorgesen,vjorgesenk3@cbsnews.com,Female,206.130.212.8
725,Priscilla,Dawks,pdawksk4@theguardian.com,Female,205.189.237.162
726,Arlana,Tuite,atuitek5@usatoday.com,Bigender,249.88.222.139
727,Leupold,Djuricic,ldjuricick6@comcast.net,Male,109.196.19.175
728,Maurits,Swainsbury,mswainsburyk7@discuz.net,Polygender,227.240.180.226
729,Nickey,Kruszelnicki,nkruszelnickik8@blinklist.com,Male,217.57.178.234
730,Clarita,Oldford,coldfordk9@disqus.com,Agender,138.253.81.219
731,Claire,Popplestone,cpopplestoneka@who.int,Non-binary,85.67.120.10
732,Arleta,Kither,akitherkb@omniture.com,Genderfluid,242.241.203.55
733,Waylin,Moorhead,wmoorheadkc@histats.com,Bigender,76.70.54.7
734,Ginger,Edelston,gedelstonkd@jiathis.com,Genderfluid,47.149.124.223
735,Nels,Kippling,nkipplingke@yandex.ru,Polygender,13.175.68.254
736,Ekaterina,McElroy,emcelroykf@delicious.com,Female,226.170.6.211
737,Creight,Grainge,cgraingekg@behance.net,Genderfluid,48.102.145.208
738,Jamey,Fluin,jfluinkh@addthis.com,Genderqueer,137.79.114.104
739,Stephan,Frankel,sfrankelki@bigcartel.com,Bigender,23.238.198.45
740,Thornton,Duddin,tduddinkj@illinois.edu,Genderqueer,39.8.2.160
741,Lana,Rizzotto,lrizzottokk@sfgate.com,Genderqueer,231.15.39.158
742,Cathie,Ding,cdingkl@usa.gov,Polygender,146.57.105.250
743,Merill,Bazely,mbazelykm@seattletimes.com,Male,121.215.40.135
744,Jillane,Halpin,jhalpinkn@usgs.gov,Non-binary,11.74.204.137
745,Fleur,Dreher,fdreherko@vk.com,Agender,74.7.40.62
746,Gladys,Gahagan,ggahagankp@t.co,Genderfluid,196.158.68.162
747,Paddy,De Filippi,pdefilippikq@1688.com,Non-binary,124.193.12.209
748,Sean,Burkert,sburkertkr@themeforest.net,Bigender,49.97.108.148
749,Auria,Lightbowne,alightbowneks@alibaba.com,Polygender,3.58.41.56
750,Cord,Carcas,ccarcaskt@howstuffworks.com,Genderfluid,116.231.163.57
751,Mavra,Spedding,mspeddingku@unblog.fr,Non-binary,231.163.212.84
752,William,Kennealy,wkennealykv@123-reg.co.uk,Polygender,177.162.190.197
753,Prudy,Poley,ppoleykw@ask.com,Agender,143.61.122.203
754,Wilmer,Pressey,wpresseykx@arizona.edu,Bigender,98.235.153.201
755,Emily,Blencowe,eblencoweky@state.tx.us,Genderqueer,30.2.249.129
756,Blinny,Goffe,bgoffekz@unblog.fr,Female,243.130.185.91
757,Bambi,Stoate,bstoatel0@slate.com,Bigender,181.253.240.241
758,Dix,Varrow,dvarrowl1@sakura.ne.jp,Male,203.9.25.175
759,Desmund,Padilla,dpadillal2@merriam-webster.com,Polygender,154.128.11.154
760,Sissy,Canero,scanerol3@army.mil,Bigender,6.4.175.159
761,Tiertza,Warren,twarrenl4@miibeian.gov.cn,Non-binary,90.125.139.0
762,Douglas,Soldi,dsoldil5@dedecms.com,Agender,140.174.120.226
763,Laurice,Adanet,ladanetl6@jiathis.com,Genderfluid,27.218.247.24
764,Stern,Byre,sbyrel7@plala.or.jp,Genderqueer,162.154.242.170
765,Andres,Thompson,athompsonl8@vk.com,Female,170.40.48.78
766,Alicia,Cammiemile,acammiemilel9@cisco.com,Polygender,187.98.30.255
767,Filmer,Bigland,fbiglandla@springer.com,Bigender,5.227.96.228
768,Adair,Abramowitch,aabramowitchlb@dagondesign.com,Genderfluid,92.124.27.99
769,Etty,Keggin,ekegginlc@amazon.de,Bigender,222.94.195.175
770,Ralina,Killingworth,rkillingworthld@xing.com,Agender,240.180.137.81
771,Tammie,Mayler,tmaylerle@ted.com,Bigender,12.25.102.245
772,Sonnie,Kitchenham,skitchenhamlf@tinypic.com,Genderqueer,179.66.126.255
773,Orbadiah,Fransson,ofranssonlg@skype.com,Genderqueer,25.55.57.77
774,Roch,Aleksashin,raleksashinlh@pbs.org,Genderqueer,227.155.15.149
775,Ulrich,Troutbeck,utroutbeckli@flavors.me,Genderqueer,161.242.30.251
776,Alasdair,Vokes,avokeslj@flavors.me,Non-binary,204.13.138.49
777,Amalie,Balderson,abaldersonlk@theguardian.com,Male,237.226.150.2
778,Allistir,Eliyahu,aeliyahull@census.gov,Male,115.154.253.0
779,Cosette,World,cworldlm@xinhuanet.com,Male,37.29.148.118
780,Annabal,Blenkinsop,ablenkinsopln@princeton.edu,Bigender,50.165.215.164
781,Jami,O' Bee,jobeelo@forbes.com,Female,171.221.137.126
782,Garner,Everix,geverixlp@comsenz.com,Bigender,41.46.184.32
783,Maryanne,Mingard,mmingardlq@umich.edu,Bigender,81.252.108.146
784,Godard,Itzkovich,gitzkovichlr@bigcartel.com,Male,202.150.58.66
785,Celia,Drain,cdrainls@netvibes.com,Bigender,165.27.89.127
786,Shandra,Crossthwaite,scrossthwaitelt@t-online.de,Genderfluid,111.244.201.142
787,Estrellita,Kingzett,ekingzettlu@prnewswire.com,Non-binary,92.85.75.208
788,Rutherford,Sides,rsideslv@wufoo.com,Non-binary,35.217.236.161
789,Cly,Troctor,ctroctorlw@ocn.ne.jp,Polygender,227.220.6.148
790,Ynes,Schoenrock,yschoenrocklx@diigo.com,Polygender,160.254.199.82
791,Robbert,Bolderson,rboldersonly@ycombinator.com,Male,151.196.236.101
792,Nixie,Nelle,nnellelz@wunderground.com,Non-binary,155.38.243.45
793,Ervin,Lilliman,elillimanm0@constantcontact.com,Agender,187.237.197.27
794,Clarice,Chandler,cchandlerm1@amazon.de,Agender,97.239.5.10
795,Hugibert,Stoves,hstovesm2@pcworld.com,Agender,197.133.12.87
796,Bendick,Kirkup,bkirkupm3@sourceforge.net,Polygender,243.114.101.81
797,Tabbitha,Challenor,tchallenorm4@jiathis.com,Polygender,94.141.70.178
798,Mordy,Genike,mgenikem5@typepad.com,Male,87.176.64.202
799,Reine,Harkus,rharkusm6@hatena.ne.jp,Non-binary,199.173.188.222
800,Edyth,Rambadt,erambadtm7@samsung.com,Agender,127.147.143.216
801,Jsandye,MacConnel,jmacconnelm8@altervista.org,Polygender,170.107.92.219
802,Pippo,Pach,ppachm9@goo.ne.jp,Non-binary,74.182.57.213
803,Allianora,Renfrew,arenfrewma@elpais.com,Genderfluid,108.252.100.248
804,Sheilah,Sandeman,ssandemanmb@hibu.com,Polygender,8.51.35.197
805,Hermine,Esposita,hespositamc@github.io,Female,151.67.22.80
806,Rubin,McMahon,rmcmahonmd@salon.com,Polygender,31.236.32.112
807,Conant,Breagan,cbreaganme@wsj.com,Polygender,84.36.172.215
808,Shela,Ferreras,sferrerasmf@qq.com,Genderqueer,155.11.255.58
809,Wylma,Astley,wastleymg@godaddy.com,Non-binary,239.10.120.109
810,Klemens,Birchett,kbirchettmh@slashdot.org,Genderfluid,43.184.164.230
811,Nicky,Jenik,njenikmi@desdev.cn,Agender,79.15.36.248
812,Klemens,Kimmel,kkimmelmj@about.com,Agender,15.82.236.229
813,Duffy,Barkly,dbarklymk@salon.com,Genderqueer,30.182.122.7
814,Alice,Digges,adiggesml@fastcompany.com,Male,11.14.36.130
815,Teodorico,Taffley,ttaffleymm@studiopress.com,Male,65.178.255.197
816,Shanon,Byrcher,sbyrchermn@example.com,Non-binary,71.145.42.131
817,Steve,Woollaston,swoollastonmo@163.com,Bigender,104.53.51.126
818,Midge,Stiegars,mstiegarsmp@techcrunch.com,Genderfluid,55.143.60.228
819,Kienan,Terbrugge,kterbruggemq@vk.com,Agender,154.64.106.124
820,Wylma,MacInherney,wmacinherneymr@oaic.gov.au,Female,104.89.162.244
821,Bell,Oloshkin,boloshkinms@ibm.com,Genderfluid,100.220.88.16
822,Quint,Fesby,qfesbymt@home.pl,Agender,194.115.157.206
823,Alexio,Philippson,aphilippsonmu@cargocollective.com,Genderfluid,232.16.16.53
824,Babita,Riddler,briddlermv@sun.com,Bigender,199.51.185.76
825,Gunner,Handrahan,ghandrahanmw@amazon.co.uk,Non-binary,164.34.96.1
826,Niko,Whal,nwhalmx@sun.com,Genderqueer,173.60.109.243
827,Jens,Bailes,jbailesmy@purevolume.com,Agender,250.214.18.119
828,Marji,Harburtson,mharburtsonmz@ebay.com,Genderqueer,93.7.86.165
829,Brien,Weeks,bweeksn0@posterous.com,Female,247.14.195.126
830,Vita,Eberz,veberzn1@ft.com,Genderfluid,41.196.195.220
831,Jonathan,Broadey,jbroadeyn2@theatlantic.com,Female,130.239.146.254
832,Dur,Syme,dsymen3@webeden.co.uk,Male,146.32.102.132
833,Emmalee,Liggett,eliggettn4@hao123.com,Bigender,255.178.50.6
834,Leeland,Lerwell,llerwelln5@google.de,Non-binary,50.168.222.140
835,Bevin,O'Monahan,bomonahann6@dyndns.org,Male,186.197.87.166
836,Clarie,Farncomb,cfarncombn7@bravesites.com,Polygender,130.239.128.112
837,Beatrice,Beadel,bbeadeln8@creativecommons.org,Male,198.196.200.196
838,Lisle,Buesden,lbuesdenn9@guardian.co.uk,Genderfluid,182.108.81.118
839,Christian,Vardon,cvardonna@ezinearticles.com,Bigender,142.243.44.84
840,Rickie,Riggott,rriggottnb@princeton.edu,Genderfluid,31.77.102.176
841,Daria,Jowers,djowersnc@adobe.com,Non-binary,229.89.98.248
842,Norman,Thompsett,nthompsettnd@wisc.edu,Genderqueer,16.18.47.142
843,Tristan,Romney,tromneyne@angelfire.com,Genderfluid,190.143.72.145
844,Forbes,Sweeney,fsweeneynf@friendfeed.com,Genderqueer,112.106.93.148
845,Candice,Claughton,cclaughtonng@privacy.gov.au,Genderfluid,63.13.160.117
846,Valentijn,Quail,vquailnh@ustream.tv,Male,190.144.101.227
847,Chloris,Sketchley,csketchleyni@pcworld.com,Genderfluid,65.119.125.182
848,Brucie,Carnson,bcarnsonnj@fc2.com,Non-binary,39.5.36.236
849,Celestyn,Shadwick,cshadwicknk@youtube.com,Non-binary,211.103.186.66
850,Blancha,Wheatland,bwheatlandnl@hao123.com,Non-binary,156.20.117.58
851,Alma,Bedome,abedomenm@google.com.au,Bigender,214.105.105.82
852,Lonna,Brahms,lbrahmsnn@newyorker.com,Genderqueer,253.172.67.195
853,Carmen,Rathbourne,crathbourneno@java.com,Polygender,162.248.108.200
854,Perry,Windrass,pwindrassnp@mediafire.com,Bigender,45.191.230.203
855,Nora,Feldberger,nfeldbergernq@webs.com,Female,29.99.199.159
856,Sharla,Crisall,scrisallnr@cnet.com,Female,207.78.53.170
857,Zeb,Antonucci,zantonuccins@cdbaby.com,Non-binary,249.153.32.171
858,Dasie,Webland,dweblandnt@shop-pro.jp,Genderfluid,89.225.242.172
859,Enrichetta,Cordobes,ecordobesnu@smugmug.com,Bigender,105.149.193.106
860,Dion,Arling,darlingnv@wsj.com,Non-binary,92.41.100.141
861,Ferdinande,Fewkes,ffewkesnw@plala.or.jp,Genderqueer,207.207.154.55
862,Witty,McGovern,wmcgovernnx@tuttocitta.it,Polygender,88.100.194.78
863,Alon,Grindlay,agrindlayny@virginia.edu,Non-binary,218.212.232.74
864,Adela,Marion,amarionnz@nih.gov,Female,190.212.145.219
865,Jerrie,Ionnidis,jionnidiso0@fda.gov,Genderqueer,224.84.227.255
866,Bea,McIlvenny,bmcilvennyo1@ucoz.com,Female,80.93.108.43
867,Janette,Walczynski,jwalczynskio2@abc.net.au,Male,219.132.49.235
868,Alyss,O'Hern,aoherno3@squidoo.com,Female,37.55.30.228
869,Leanora,Lofts,lloftso4@jugem.jp,Bigender,34.171.136.46
870,Kurt,Bassingham,kbassinghamo5@cargocollective.com,Male,127.210.190.58
871,Bard,Sellner,bsellnero6@pinterest.com,Agender,59.187.127.97
872,Elberta,Cadney,ecadneyo7@dmoz.org,Female,212.134.223.89
873,Bronny,Moakson,bmoaksono8@de.vu,Female,47.163.220.91
874,Giacinta,Ragborne,gragborneo9@mac.com,Bigender,188.39.79.99
875,Ara,Wason,awasonoa@prlog.org,Polygender,10.170.245.67
876,Lara,Eilhertsen,leilhertsenob@yelp.com,Female,42.33.83.205
877,Sheelah,Weeke,sweekeoc@wiley.com,Male,138.139.146.150
878,Tremain,Penney,tpenneyod@irs.gov,Genderqueer,90.142.160.72
879,Dianna,Ricks,dricksoe@cocolog-nifty.com,Genderqueer,222.77.139.93
880,Elvina,Corrin,ecorrinof@army.mil,Non-binary,48.244.47.150
881,Kary,Arundel,karundelog@bbb.org,Agender,170.95.133.115
882,Nickola,Jenkyn,njenkynoh@symantec.com,Female,90.249.89.102
883,Victor,Casper,vcasperoi@home.pl,Male,167.84.71.183
884,May,Brittoner,mbrittoneroj@nhs.uk,Bigender,182.18.176.16
885,Bambi,Crum,bcrumok@omniture.com,Genderfluid,238.161.46.248
886,Dunc,Gouldbourn,dgouldbournol@seattletimes.com,Bigender,112.155.93.136
887,Nathanil,Styche,nstycheom@go.com,Non-binary,17.222.168.104
888,Adrianna,Jaxon,ajaxonon@redcross.org,Male,91.193.125.48
889,Ellette,Suddaby,esuddabyoo@cmu.edu,Bigender,14.216.137.72
890,Emmott,Lewington,elewingtonop@prlog.org,Female,149.5.220.152
891,Danny,Tootell,dtootelloq@cpanel.net,Female,142.181.210.171
892,Biddy,Hakonsson,bhakonssonor@illinois.edu,Non-binary,197.41.49.200
893,Emanuele,Skillington,eskillingtonos@cloudflare.com,Genderfluid,85.0.93.163
894,Mata,Coppenhall,mcoppenhallot@seattletimes.com,Agender,174.235.122.135
895,Waneta,Blincoe,wblincoeou@webs.com,Genderqueer,217.32.243.151
896,Adriana,Skilton,askiltonov@woothemes.com,Polygender,120.154.1.94
897,Kerwinn,Proughten,kproughtenow@technorati.com,Genderfluid,156.72.123.44
898,Roxi,Finkle,rfinkleox@parallels.com,Genderfluid,181.148.159.215
899,Bradley,Mountford,bmountfordoy@wikia.com,Non-binary,14.12.125.32
900,Johanna,Sherebrook,jsherebrookoz@reverbnation.com,Male,32.242.66.228
901,Abeu,Richin,arichinp0@google.ca,Male,79.58.54.81
902,Yard,Francescoccio,yfrancescocciop1@shinystat.com,Female,177.146.175.90
903,Nisse,Gallaway,ngallawayp2@gmpg.org,Bigender,86.50.230.123
904,Rickey,Cantero,rcanterop3@cargocollective.com,Non-binary,21.205.157.1
905,Evangelin,Dunkerly,edunkerlyp4@arizona.edu,Bigender,209.116.32.175
906,Ursa,Volks,uvolksp5@liveinternet.ru,Female,129.75.20.239
907,Mikkel,Ganter,mganterp6@moonfruit.com,Male,199.48.65.48
908,Mal,Nunan,mnunanp7@archive.org,Genderfluid,158.42.220.41
909,Amabelle,Barrs,abarrsp8@slashdot.org,Polygender,219.44.141.167
910,Madalyn,Hamon,mhamonp9@hao123.com,Polygender,229.156.192.157
911,Jewelle,Oglesbee,joglesbeepa@mediafire.com,Non-binary,182.143.13.81
912,Orly,Flecknell,oflecknellpb@si.edu,Bigender,187.92.6.136
913,Louise,Willgrass,lwillgrasspc@narod.ru,Female,210.16.250.206
914,Jeddy,Czaple,jczaplepd@etsy.com,Bigender,239.25.253.238
915,Tally,Glamart,tglamartpe@walmart.com,Female,10.21.137.73
916,Laetitia,Strowger,lstrowgerpf@ycombinator.com,Polygender,192.82.251.209
917,Guillemette,Hartfleet,ghartfleetpg@mozilla.com,Polygender,16.151.95.112
918,Tailor,Whal,twhalph@tripod.com,Agender,86.23.174.177
919,Anissa,Leader,aleaderpi@1und1.de,Genderqueer,104.236.77.245
920,Erny,Gross,egrosspj@ask.com,Female,133.237.35.21
921,Korney,Caddan,kcaddanpk@yandex.ru,Male,106.4.205.242
922,Paloma,Marushak,pmarushakpl@i2i.jp,Genderqueer,91.55.59.33
923,Ermin,Grzeszczak,egrzeszczakpm@yellowbook.com,Bigender,238.209.39.181
924,Gustaf,Sinott,gsinottpn@state.tx.us,Non-binary,235.20.29.166
925,Hallie,Giraths,hgirathspo@ocn.ne.jp,Polygender,190.186.108.43
926,Cherianne,Garside,cgarsidepp@theatlantic.com,Agender,113.224.109.175
927,Robinett,Poluzzi,rpoluzzipq@gmpg.org,Male,125.35.220.88
928,Jedidiah,Lackner,jlacknerpr@howstuffworks.com,Agender,187.176.23.76
929,Lonnie,Coils,lcoilsps@xinhuanet.com,Female,254.179.115.62
930,Davin,Karsh,dkarshpt@soup.io,Agender,46.117.73.204
931,Thorvald,MacKain,tmackainpu@scientificamerican.com,Genderfluid,160.232.1.156
932,Vin,Ridley,vridleypv@pcworld.com,Polygender,6.17.183.126
933,Lorin,Kleisel,lkleiselpw@sbwire.com,Polygender,186.233.54.92
934,Susanne,Goosey,sgooseypx@nyu.edu,Female,216.151.225.26
935,Viv,Fleckness,vflecknesspy@studiopress.com,Agender,216.45.101.98
936,Honey,Baversor,hbaversorpz@nydailynews.com,Female,28.50.114.211
937,Caresse,Golds,cgoldsq0@webmd.com,Non-binary,192.198.170.172
938,Juliet,Hattrick,jhattrickq1@boston.com,Non-binary,68.246.123.113
939,Channa,Gorke,cgorkeq2@wix.com,Polygender,64.179.113.245
940,Merrie,Millthorpe,mmillthorpeq3@joomla.org,Genderfluid,200.58.21.180
941,Archaimbaud,Delbergue,adelbergueq4@cmu.edu,Genderqueer,18.222.71.151
942,Cathrine,Swire,cswireq5@hostgator.com,Polygender,146.8.96.113
943,Glad,Corner,gcornerq6@imageshack.us,Male,216.179.186.164
944,Juliane,Ayliff,jayliffq7@go.com,Female,17.81.150.99
945,Sherwin,Adamides,sadamidesq8@goo.gl,Female,56.17.89.38
946,Mickie,Bester,mbesterq9@cnet.com,Bigender,113.15.87.56
947,Toma,Sivyour,tsivyourqa@jiathis.com,Bigender,140.37.66.67
948,Frank,Stanwix,fstanwixqb@trellian.com,Polygender,73.20.60.245
949,Gabi,Marushak,gmarushakqc@tumblr.com,Non-binary,243.160.78.254
950,Arie,Slopier,aslopierqd@soundcloud.com,Genderqueer,253.168.121.164
951,Farley,Lufkin,flufkinqe@slideshare.net,Genderqueer,113.135.57.131
952,Aland,Gethings,agethingsqf@symantec.com,Female,176.14.129.98
953,Lorenzo,Tallboy,ltallboyqg@eventbrite.com,Polygender,27.74.105.67
954,Kristopher,Vain,kvainqh@time.com,Genderqueer,77.206.62.225
955,Jerrome,Isaaksohn,jisaaksohnqi@livejournal.com,Genderqueer,47.111.95.14
956,Philomena,Woodnutt,pwoodnuttqj@home.pl,Female,74.164.11.207
957,Adriane,Chazette,achazetteqk@is.gd,Genderqueer,12.16.84.123
958,Giuditta,Van Der Vlies,gvandervliesql@foxnews.com,Bigender,198.192.193.14
959,Nick,Perle,nperleqm@sbwire.com,Genderfluid,3.133.1.246
960,Aile,Ormiston,aormistonqn@washington.edu,Genderfluid,100.78.212.88
961,Katleen,Durno,kdurnoqo@fema.gov,Agender,148.165.242.167
962,Caroljean,Begg,cbeggqp@sourceforge.net,Genderqueer,170.53.130.141
963,Carlita,Deetch,cdeetchqq@booking.com,Bigender,127.243.248.53
964,Georgine,Shee,gsheeqr@tmall.com,Agender,179.251.0.186
965,Lauryn,Suggey,lsuggeyqs@amazonaws.com,Non-binary,32.244.155.111
966,Dennis,Parsonage,dparsonageqt@symantec.com,Polygender,139.233.154.105
967,Tamarah,Spaight,tspaightqu@google.com.hk,Polygender,150.105.144.125
968,Dill,Rouchy,drouchyqv@fema.gov,Bigender,138.157.99.241
969,Trever,Tuite,ttuiteqw@scribd.com,Agender,100.254.69.189
970,Hurley,Kiffe,hkiffeqx@storify.com,Bigender,248.39.166.104
971,Jerri,Heal,jhealqy@webnode.com,Polygender,236.52.133.111
972,Val,Ballendine,vballendineqz@dailymail.co.uk,Genderfluid,57.225.75.193
973,Carey,Ferronel,cferronelr0@pinterest.com,Agender,94.250.125.228
974,Rocky,Franken,rfrankenr1@rakuten.co.jp,Agender,225.138.134.120
975,Corella,Kaasmann,ckaasmannr2@merriam-webster.com,Agender,114.157.179.18
976,Leonhard,Robardet,lrobardetr3@flickr.com,Non-binary,107.110.108.92
977,Brnaby,Gamage,bgamager4@blog.com,Polygender,140.136.61.97
978,Joletta,Abry,jabryr5@alibaba.com,Polygender,85.72.51.216
979,Codie,Lamlin,clamlinr6@canalblog.com,Female,88.107.162.207
980,Newton,Trusty,ntrustyr7@networksolutions.com,Female,139.164.69.128
981,Briny,Brunon,bbrunonr8@biglobe.ne.jp,Female,66.103.126.165
982,Robin,Kibel,rkibelr9@sohu.com,Male,55.213.236.122
983,Morly,Stowgill,mstowgillra@cocolog-nifty.com,Bigender,16.129.10.19
984,Aleece,Fermer,afermerrb@hubpages.com,Female,149.228.75.202
985,Pippy,Smiley,psmileyrc@msn.com,Male,115.169.115.190
986,Clemence,Batterham,cbatterhamrd@wikimedia.org,Genderfluid,139.55.211.215
987,Kimmie,McJerrow,kmcjerrowre@weather.com,Female,12.119.24.12
988,Win,Tomlin,wtomlinrf@1688.com,Bigender,0.202.247.68
989,Christabella,Brabham,cbrabhamrg@opera.com,Polygender,137.254.101.200
990,Kalvin,Faire,kfairerh@com.com,Agender,53.237.152.55
991,Hyacinthe,Hegerty,hhegertyri@army.mil,Polygender,183.228.123.212
992,Corabella,Rookeby,crookebyrj@reverbnation.com,Polygender,128.55.236.163
993,Grannie,Rastall,grastallrk@hc360.com,Polygender,145.189.42.245
994,Decca,Skrine,dskrinerl@google.es,Agender,191.110.44.223
995,Ginnifer,Moth,gmothrm@acquirethisname.com,Non-binary,17.166.136.26
996,Erskine,Alleburton,ealleburtonrn@yellowpages.com,Genderfluid,71.18.249.194
997,Neddie,Paszak,npaszakro@nps.gov,Polygender,176.228.70.121
998,Daniel,Jantzen,djantzenrp@cnet.com,Genderqueer,108.70.205.129
999,Winni,Escofier,wescofierrq@dedecms.com,Non-binary,208.55.59.148
1000,Rossy,Alsina,ralsinarr@timesonline.co.uk,Male,125.44.52.172
